{"46": {"dataset": "StructSeg2019_Task3_Thoracic_OAR", "organ": ["RightLung", "LeftLung", "Heart", "Trachea", "Esophagus", "SpinalCord"], "model": "Stack_Unet", "max_num_epochs": 500, "batch_size": 1, "initial_learning_rate": 0.001, "validation_size": 0.2, "patience": 5, "feature_extraction": false, "deep_supervision": false, "dropout": true, "fine_tuning": false, "augmentation": false, "loss_criteria": "crossentropy", "loss_weights": [1, 1], "pretrained_model": {"1": "10018/model_best.model", "2": "10011/model_best.model", "3": "10025/model_best.model", "4": "10040/model_best.model", "5": "10015/model_best.model", "6": "10034/model_best.model", "coarse": "931/model_best.model"}, "class_weights": [1.0, 1.0, 1.0, 1.0, 0.8, 0.7, 1.0], "train_loss_MA_alpha": 0.5, "train_loss_MA_eps": 0.001, "val_eval_criterion_alpha": 0.5, "lr_scheduler_eps": 0.001, "lr_scheduler_patience": 4, "initial_lr": 0.0003, "weight_decay": 1e-08, "optimizer": "adam", "epoch_results": {"0": {"validation_loss": 0.008672448806464672, "avg_train_loss": 0.026714744046330452, "loss_real_val": 0.008799998551399986, "val_eval_criterion_MA": 0.008799998551399986, "train_loss_MA": 0.026714744046330452}, "1": {"validation_loss": 0.0077784713357687, "avg_train_loss": 0.005834858398884535, "loss_real_val": 0.007932259081463165, "val_eval_criterion_MA": 0.008366128816431576, "train_loss_MA": 0.016274801222607493}, "2": {"validation_loss": 0.011310657486319542, "avg_train_loss": 0.005511606112122536, "loss_real_val": 0.011563440540649454, "val_eval_criterion_MA": 0.009964784678540515, "train_loss_MA": 0.010893203667365015}, "3": {"validation_loss": 0.020184746012091637, "avg_train_loss": 0.005333312787115574, "loss_real_val": 0.020390957186435726, "val_eval_criterion_MA": 0.015177870932488121, "train_loss_MA": 0.008113258227240294}, "4": {"validation_loss": 0.01011700090020895, "avg_train_loss": 0.005193150136619806, "loss_real_val": 0.010327819689541268, "val_eval_criterion_MA": 0.012752845311014695, "train_loss_MA": 0.00665320418193005}, "5": {"validation_loss": 0.008354497142136097, "avg_train_loss": 0.005109401885420084, "loss_real_val": 0.00860349785679444, "val_eval_criterion_MA": 0.010678171583904567, "train_loss_MA": 0.005881303033675067}, "6": {"validation_loss": 0.010981427505612373, "avg_train_loss": 0.0050731259398162365, "loss_real_val": 0.011184891153496985, "val_eval_criterion_MA": 0.010931531368700776, "train_loss_MA": 0.005477214486745652}, "7": {"validation_loss": 0.012082070112228394, "avg_train_loss": 0.005008524749428034, "loss_real_val": 0.012305362667853372, "val_eval_criterion_MA": 0.011618447018277075, "train_loss_MA": 0.005242869618086843}, "8": {"validation_loss": 0.012697394005954266, "avg_train_loss": 0.004960634279996157, "loss_real_val": 0.01299659792538081, "val_eval_criterion_MA": 0.012307522471828942, "train_loss_MA": 0.0051017519490415}, "9": {"validation_loss": 0.010121877305209637, "avg_train_loss": 0.004921590443700552, "loss_real_val": 0.010398634105660567, "val_eval_criterion_MA": 0.011353078288744755, "train_loss_MA": 0.005011671196371026}, "10": {"validation_loss": 0.017189685255289078, "avg_train_loss": 0.004844839684665203, "loss_real_val": 0.01754393982458693, "val_eval_criterion_MA": 0.014448509056665844, "train_loss_MA": 0.0049282554405181145}, "11": {"validation_loss": 0.011883210390806198, "avg_train_loss": 0.004863285459578037, "loss_real_val": 0.012142090104431527, "val_eval_criterion_MA": 0.013295299580548686, "train_loss_MA": 0.004895770450048076}, "12": {"validation_loss": 0.012399907223880291, "avg_train_loss": 0.00459235068410635, "loss_real_val": 0.012676454719898098, "val_eval_criterion_MA": 0.012985877150223393, "train_loss_MA": 0.004744060567077213}}}, "used_output_models": {"1": "seresunet", "2": "unet", "3": "unet", "4": "seresunet", "5": "unet", "6": "unet", "coarse": "stack_unet"}, "47": {"dataset": "StructSeg2019_Task3_Thoracic_OAR", "organ": ["RightLung", "LeftLung", "Heart", "Trachea", "Esophagus", "SpinalCord"], "model": "Stack_Unet", "max_num_epochs": 500, "batch_size": 1, "initial_learning_rate": 0.001, "validation_size": 0.2, "patience": 5, "feature_extraction": false, "deep_supervision": true, "dropout": true, "fine_tuning": false, "augmentation": false, "loss_criteria": "crossentropy", "loss_weights": [1, 1], "pretrained_model": {"1": "10018/model_best.model", "2": "10011/model_best.model", "3": "10025/model_best.model", "4": "10040/model_best.model", "5": "10015/model_best.model", "6": "10034/model_best.model", "coarse": "931/model_best.model"}, "class_weights": [1.0, 1.0, 1.0, 1.0, 0.8, 0.7, 1.0], "train_loss_MA_alpha": 0.5, "train_loss_MA_eps": 0.001, "val_eval_criterion_alpha": 0.5, "lr_scheduler_eps": 0.001, "lr_scheduler_patience": 4, "initial_lr": 0.0003, "weight_decay": 1e-08, "optimizer": "adam", "epoch_results": {}}, "48": {"dataset": "StructSeg2019_Task3_Thoracic_OAR", "organ": ["RightLung", "LeftLung", "Heart", "Trachea", "Esophagus", "SpinalCord"], "model": "Stack_Unet", "max_num_epochs": 500, "batch_size": 1, "initial_learning_rate": 0.001, "validation_size": 0.2, "patience": 5, "feature_extraction": false, "deep_supervision": true, "dropout": true, "fine_tuning": false, "augmentation": false, "loss_criteria": "crossentropy", "loss_weights": [1, 1], "pretrained_model": {"1": "10018/model_best.model", "2": "10011/model_best.model", "3": "10025/model_best.model", "4": "10040/model_best.model", "5": "10015/model_best.model", "6": "10034/model_best.model", "coarse": "931/model_best.model"}, "class_weights": [1.0, 1.0, 1.0, 1.0, 0.8, 0.7, 1.0], "train_loss_MA_alpha": 0.5, "train_loss_MA_eps": 0.001, "val_eval_criterion_alpha": 0.5, "lr_scheduler_eps": 0.001, "lr_scheduler_patience": 4, "initial_lr": 0.0003, "weight_decay": 1e-08, "optimizer": "adam", "epoch_results": {"0": {"validation_loss": 0.0675138309597969, "avg_train_loss": 0.11553757637739182, "loss_real_val": 0.011212368819751432, "val_eval_criterion_MA": 0.011212368819751432, "train_loss_MA": 0.11553757637739182}, "1": {"validation_loss": 0.06597196310758591, "avg_train_loss": 0.029765205457806587, "loss_real_val": 0.012164229746116447, "val_eval_criterion_MA": 0.01168829928293394, "train_loss_MA": 0.0726513909175992}, "2": {"validation_loss": 0.05406082794070244, "avg_train_loss": 0.02805650793015957, "loss_real_val": 0.011139466496782388, "val_eval_criterion_MA": 0.011413882889858163, "train_loss_MA": 0.050353949423879385}, "3": {"validation_loss": 0.08611734211444855, "avg_train_loss": 0.02696538344025612, "loss_real_val": 0.012648370299671434, "val_eval_criterion_MA": 0.0120311265947648, "train_loss_MA": 0.03865966643206775}, "4": {"validation_loss": 0.049354881048202515, "avg_train_loss": 0.026322174817323685, "loss_real_val": 0.008991706592790348, "val_eval_criterion_MA": 0.010511416593777575, "train_loss_MA": 0.03249092062469572}, "5": {"validation_loss": 0.05697111040353775, "avg_train_loss": 0.0257174801081419, "loss_real_val": 0.011936201336179182, "val_eval_criterion_MA": 0.011223808964978379, "train_loss_MA": 0.02910420036641881}, "6": {"validation_loss": 0.05338606238365173, "avg_train_loss": 0.025178035721182823, "loss_real_val": 0.01021325021490249, "val_eval_criterion_MA": 0.010718529589940434, "train_loss_MA": 0.027141118043800816}, "7": {"validation_loss": 0.06379344314336777, "avg_train_loss": 0.02482503466308117, "loss_real_val": 0.012749577643718984, "val_eval_criterion_MA": 0.01173405361682971, "train_loss_MA": 0.025983076353440993}, "8": {"validation_loss": 0.06520532071590424, "avg_train_loss": 0.024491049349308014, "loss_real_val": 0.011054199044730432, "val_eval_criterion_MA": 0.011394126330780071, "train_loss_MA": 0.025237062851374503}, "9": {"validation_loss": 0.05879105255007744, "avg_train_loss": 0.024310749024152756, "loss_real_val": 0.01095386161248329, "val_eval_criterion_MA": 0.011173993971631681, "train_loss_MA": 0.02477390593776363}, "10": {"validation_loss": 0.05670147016644478,